train_epoch,train_acc,train_loss
1,0.90975,0.004578183470790585
2,0.9740666666666666,0.0013302481379980843
3,0.9794833333333334,0.0010534695491194726
